# Name,   Type, SubType, Offset,  Size, Flags
# ESP32-S3 R16N8: 16MB flash, 8MB PSRAM
#
#   nvs        24K   - device/node config, provisioning credentials
#   otadata     8K   - OTA slot selection state
#   phy_init    4K
#   factory      4M  - factory firmware
#   ota_0        4M  - OTA slot A
#   ota_1        4M  - OTA slot B
#   certs       16K  - certificate storage
#   mfg_data    16K  - factory provisioning data
#
# Note: if you increase the bootloader size, update the offsets to avoid overlap.
nvs,      data, nvs,     ,      0x6000,
otadata,  data, ota,     ,      0x2000,
phy_init, data, phy,     ,      0x1000,
factory,  app,  factory, ,      0x400000,
ota_0,    app,  ota_0,   ,      0x400000,
ota_1,    app,  ota_1,   ,      0x400000,
certs,    data, fat,     ,      0x4000,
mfg_data, data, nvs,     ,      0x4000,
